gene,TSI,rank
geneA,0.637017553537884,1
geneD,0.6275176379496897,2
geneB,0.44834367681969256,3
geneC,0.3654379100164982,4
